name,value
中文名,6527
外文名,3810
别名,441
拼音,326
国籍,318
本名,229
作者,175
类型,120
书名,116
作品名称,82
性质,77
定义,77
字,70
拉丁学名,68
职业,60
所处时代,59
公司名称,53
中文学名,52
类别,50
行政区类别,42
原版名称,41
成立时间,39
含义,39
释义,36
出生日期,35
所属专辑,35
地理位置,34
民族,34
解释,31
属性,29
分类,28
出处,25
就诊科室,23
读音,22
创作年代,21
简称,20
名称,20
创办时间,19
出版社,18
出生地,16
词性,14
语种,14
饰演,14
全称,14
发生时间,14
作品别名,14
界,12
注音,12
目的,12
对象,12
所属地区,12
实质,11
登场作品,11
朝代,10
本质,10
概述,10
制片地区,9
地点,9
性别,9
软件名称,9
赤经,9
简介,9
所属学科,9
导演,8
作用,8
地区,8
总部地点,8
国家/地区,8
软件平台,8
歌曲原唱,7
又称,7
包括,7
游戏类型,7
举办时间,7
用途,7
提出者,7
出自,7
位置,6
特点,6
概念,6
所属行业,6
意义,6
药品名称,6
起源,5
赤纬,5
二名法,5
歌曲时长,5
行政区划代码,5
译者,5
地位,5
专辑语言,5
出品公司,5
发布单位,5
来源,5
登记机关,5
出品时间,5
公司类型,5
时期,5
配音,5
逝世日期,5
功能,4
适用领域,4
目标,4
时代,4
形式,4
根据,4
对应,4
毕业院校,4
星座,4
方法,4
地址,4
基本解释,4
产品类型,4
特征,4
设立时间,4
籍贯,4
经营范围,4
ISBN,4
构成,4
意思,4
人物,3
创立时间,3
民族族群,3
运动项目,3
领域,3
位于,3
成立,3
号,3
专业代码,3
成立于,3
内容,3
主体,3
常见发病部位,3
通过时间,3
组成,3
时间,3
范围,3
所属领域,3
方式,3
过程,3
学科,3
所属洲,3
发行公司,3
主管部门,3
办公地址,3
基础,3
所属联赛,3
所属,2
医生姓名,2
所属国家,2
医院等级,2
基本特征,2
来源出处,2
药品类型,2
召开时间,2
前身,2
专辑歌手,2
中文名：,2
指,2
类属,2
创刊时间,2
占地面积,2
应用学科,2
年代,2
模式,2
英文,2
年龄,2
 所属学科,2
理论,2
词目,2
卷数,2
利用,2
依据,2
应用,2
作者：,2
作曲家,2
修业年限,2
主办单位,2
农历,2
发音,2
发行时间,2
主要职责,2
亦称,2
总面积,2
丛书名,2
其他译名,2
所属分类,2
等级,2
主持人,2
主演,2
开始时间,2
赛事类型,2
原名,2
届数,2
创办机构,2
品级,2
代表作品,2
介绍,2
适用范围,2
代表,2
开放时间,2
简述,2
涵义,2
总建筑面积,2
隶属,2
术语所属,2
组成部分,2
汉语拼音,2
拼音：,2
主办,2
原因1,2
原因,2
反映,1
也叫做,1
化学式,1
正式开业时间,1
原作品,1
物业类型,1
密度范围,1
出版范围,1
合同特点,1
代表人物,1
主唱,1
脂类包括,1
主要经营,1
建议游玩时长,1
最佳游玩季节,1
公布日期,1
美国,1
产地,1
弱酸离子,1
通称,1
测量,1
技术,1
建于,1
史称,1
所处位置,1
存在部位,1
中文别名,1
支付结算业务,1
修订时间,1
体裁,1
名词解释,1
历史,1
签署地点,1
研制时间,1
一般原则,1
扩大的版本,1
长度,1
常用于,1
明确条款,1
鸿钧坐前,1
【拼音】,1
对战双方,1
主办方,1
参战方,1
主持编纂,1
编制,1
填词,1
节目主持,1
影响,1
地域,1
制作材料,1
始建,1
定位,1
参与教派,1
划分标准,1
含有,1
市场,1
分裂时间,1
基本属性,1
买入,1
手段,1
流行时期,1
申请日期,1
现任院长,1
主要措施,1
流程不顺畅,1
学校特色,1
使用者,1
注意,1
专为,1
外文简称,1
建造者,1
最早出现,1
元素,1
　漫画分类,1
形状,1
分布,1
签订时间,1
常用缸数,1
根源,1
干支纪年,1
位数,1
歌曲语言,1
游戏分类,1
出生,1
营养成分,1
举办地点,1
兴起时间,1
相关事件,1
出现在,1
拉丁文,1
告解圣事,1
源头,1
宗教,1
生肖,1
血统主义原则,1
国家,1
玩家人数,1
关系,1
制定,1
东面,1
出现时间,1
所属类型,1
制订机构,1
关联词,1
表明,1
有关文献,1
形成原因1,1
字面义,1
通过,1
名词领域,1
X的正半轴,1
工艺,1
主体包括,1
作曲,1
会议名称,1
播出频道,1
组织隶属,1
作品体裁,1
保留,1
创办人,1
所属剧团,1
所在城市,1
主管单位,1
歌曲,1
专辑名称,1
机构设置,1
职能,1
词语释义,1
编曲,1
歌手,1
旧名,1
所属分类①,1
出版时间,1
歌手：,1
过去分词,1
复数,1
校 长,1
韩文名,1
嘉宾类型,1
次数,1
菩萨,1
相对,1
结构模型1,1
主要特征,1
创立于,1
第一条,1
1.00~1.09,1
分析1,1
节奏,1
19世纪,1
导致的原因,1
制定机关,1
批准时间,1
D,1
其他称谓,1
原理,1
提出时间,1
注册资金总额,1
栏高,1
表达式,1
主要赛事,1
概况,1
主要,1
特色,1
流动资产,1
发车间隔,1
类别1,1
主要方法,1
授予学位,1
形式1,1
发现人员,1
终止承认时间,1
分为,1
N,1
计算公式,1
主要原料,1
生产厂商,1
期限,1
修学年限,1
前提,1
寓意,1
包含要素,1
出发点,1
作　者,1
背景,1
决策分为,1
模式1,1
升级目标,1
复杂的,1
小说作者,1
品牌,1
记载,1
创作者,1
区位,1
兴起,1
城市化率,1
部门形成,1
所属系列,1
分布于,1
通行于,1
文件号,1
投资准备,1
情况,1
表示,1
研制单位,1
调整1,1
单位,1
出现于,1
平均海拔,1
形成原因,1
周期,1
原期,1
轨道周期,1
例如,1
主要属性,1
环绕星体,1
常见症状,1
语素是,1
即,1
神话体系,1
计算方法：,1
发布机构,1
是否含防腐剂,1
所在国家,1
印发单位,1
理想型,1
主要活性组分,1
主要成分,1
水合,1
缩写,1
景观品质,1
种类,1
穿着特点,1
别称,1
城区,1
要求,1
透镜状,1
面积,1
词牌名,1
知,1
为了,1
造字者,1
从属,1
主要分布,1
创建者,1
会典,1
选自,1
平声韵,1
总笔画,1
被测要素,1
事实关系,1
相关人,1
开端,1
通过日期,1
共计,1
基础经典,1
展会名称,1
产生时期,1
亦作,1
姓,1
责任者,1
是指,1
原型,1
俗称,1
大部海域深度,1
成立日期,1
节日时间,1
发稿语言,1
设立于,1
身 份,1
所属类别,1
公式,1
官网,1
首播时间,1
赛事,1
历史背景,1
编辑单位,1
墓地,1
建筑者,1
高层次人才,1
中国,1
发表时间,1
成就,1
浅海,1
馆藏地点,1
划分,1
教育体系,1
合作双方,1
文献,1
权利,1
语系,1
对称,1
第一阶段,1
动画制作,1
制动方式,1
驱动方式,1
举行时间,1
第一任会长,1
地处,1
身份,1
文字,1
星球名称,1
或为,1
出处：,1
三省,1
排水量,1
制定者,1
职位要求,1
墓高,1
网站名称,1
全长,1
沙料,1
始建年代,1
立于,1
症状表现,1
法语,1
机构属性,1
条件,1
冠军,1
所属科室,1
西医学名,1
内容一,1
建立时间,1
基本法则,1
使用年代,1
颁布,1
组成1,1
执行人,1
比例,1
主要因素,1
结构,1
会计等式,1
依据文件,1
发布日期,1
包含,1
把握,1
主旨,1
科目,1
主要目的,1
主要分类,1
常见类型,1
从事工作,1
相关学科,1
针对工作,1
特指,1
世纪,1
直接上级,1
发行价格,1
上市时间,1
厂商,1
批准机构,1
技术方向,1
命中率,1
低于,1
颁布时间,1
动因,1
优势,1
相关,1
授权人,1
常见事例,1
结构包括,1
按照,1
做法,1
解决途径,1
揭示,1
一级学科,1
普遍时期,1
相同点,1
文号,1
环境,1
释义1,1
例子,1
描述单位,1
制定单位,1
主要包括,1
会议时间,1
模式类别,1
归属,1
关键词,1
相关词汇,1
签约形式,1
客户需求,1
内置在,1
利率工具,1
起源时间,1
具体内容,1
人民币,1
字母,1
设置,1
时限,1
隶续,1
词,1
名字,1
所属地,1
启用时间,1
全书,1
古称,1
所属游戏,1
提出,1
存储方式,1
主办部门,1
内容标签,1
总重量,1
科学技术,1
主要成就,1
始置于,1
全程,1
系,1
中文名称,1
国子监,1
设置时期,1
人物 ,1
发生时间 ,1
军事,1
默认位置,1
软件类别,1
基本情况,1
CPU,1
封装形式,1
生产企业,1
数据表示：,1
基础课程,1
暂存器A和B,1
业务,1
应用领域,1
始建于,1
说明,1
研究对象,1
定义1,1
动画初登场,1
建设时间,1
弦 数,1
词语,1
评价,1
软件语言,1
依存,1
作家,1
文学体裁,1
播出时间,1
进程名称,1
进程文件,1
剧种,1
